Accession,NumberOfAminoAcids,Coverage,PsmCount,PeptideGroupCount
Pinf_XP_002905232,123,86.1788617886179,294,17
Pinf_XP_002907764,279,3.9426523297491,3,1
Pinf_XP_002902768,182,5.49450549450549,4,1
Pinf_XP_002905419,323,4.95356037151703,1,1
Pinf_XP_002901823,344,4.65116279069767,1,1
Pinf_XP_002907400,110,15.4545454545455,13,2
CON_007031101,245,5.71428571428571,1,1
Pinf_XP_002899289,331,6.94864048338369,3,2
CON_006975913,118,14.4067796610169,1,1
Pinf_XP_002901896,144,20.8333333333333,18,3
Pinf_XP_002903310,160,10.625,5,2
Pinf_XP_002897760,5010,0.479041916167665,4,3
Pinf_XP_002902003,663,11.9155354449472,26,6
Pinf_XP_002903092,501,4.99001996007984,3,3
Pinf_XP_002907515,254,5.51181102362205,18,1
Pinf_XP_002899091,603,1.16086235489221,1,1
Pinf_XP_002907348,1071,0.746965452847806,1,1
Pinf_XP_002905131,155,42.5806451612903,40,4
Pinf_XP_002904848,382,16.2303664921466,17,5
Pinf_XP_002901302,214,5.60747663551402,3,1
Pinf_XP_002898043,633,1.4218009478673,1,1
Pinf_XP_002909210,67,32.8358208955224,29,3
Pinf_XP_002903095,79,72.1518987341772,45,4
Pinf_XP_002909118,656,9.75609756097561,19,6
Pinf_XP_002897838,455,1.31868131868132,4,1
Pinf_XP_002907822,105,41.9047619047619,10,4
Pinf_XP_002906613|Histone_H4,103,96.1165048543689,655,19
Pinf_XP_002901278,106,29.2452830188679,22,3
Pinf_XP_002900746,244,4.91803278688525,1,1
Pinf_XP_002909431,111,8.10810810810811,5,1
Pinf_XP_002906402,239,33.0543933054393,97,7
Pinf_XP_002906097,194,8.76288659793814,4,1
Pinf_XP_002904013,1904,5.72478991596639,18,11
CON_007154051,145,13.7931034482759,6,2
Pinf_XP_002906920|Histone_H2A,139,48.9208633093525,427,10
Pinf_XP_002895367,375,29.3333333333333,42,7
Pinf_XP_002901385,786,12.2137404580153,41,9
Pinf_XP_002998772,727,4.81430536451169,6,3
Pinf_XP_002909271,153,7.18954248366013,2,1
Pinf_XP_002902792,1005,8.55721393034826,17,7
Pinf_XP_002905607,305,4.26229508196721,1,1
Pinf_XP_002908239,1186,0.843170320404722,2,1
Pinf_XP_002897997,136,42.6470588235294,34,6
Pinf_XP_002904967,387,49.6124031007752,177,21
Pinf_XP_002997701,861,0.696864111498258,2,1
Pinf_XP_002900216,227,16.2995594713656,18,4
Pinf_XP_002901939,123,8.94308943089431,4,1
CON_007085262,650,4.15384615384615,7,2
CON_007060022,339,9.14454277286136,9,3
Pinf_XP_002900813,208,5.76923076923077,3,1
Pinf_XP_002997539,526,2.28136882129278,1,1
Pinf_XP_002997395,141,15.6028368794326,13,2
Pinf_XP_002907915,718,2.92479108635097,1,1
Pinf_XP_002904307,431,4.64037122969838,15,2
Pinf_XP_002902303,737,1.49253731343284,3,1
Pinf_XP_002905642,330,10.6060606060606,2,2
Pinf_XP_002901844,164,8.53658536585366,13,2
Pinf_XP_002909212,246,4.47154471544715,1,1
Pinf_XP_002908883,911,1.7563117453348,11,3
Pinf_XP_002896864,250,47.2,27,8
Pinf_XP_002997802,330,32.4242424242424,47,10
Pinf_XP_002895045,510,1.96078431372549,2,1
Pinf_XP_002997123,295,20.3389830508475,26,5
Pinf_XP_002906696,262,6.87022900763359,142,1
Pinf_XP_002907340,229,3.05676855895197,2,1
Pinf_XP_002903870,148,10.1351351351351,6,1
CON_007071011,359,11.6991643454039,7,3
Pinf_XP_002899494,112,16.9642857142857,14,2
Pinf_XP_002897621,749,2.13618157543391,1,1
Pinf_XP_002907992,176,15.9090909090909,6,3
Pinf_XP_002904695,898,1.67037861915367,1,1
Pinf_XP_002903099,180,29.4444444444444,11,5
Pinf_XP_002904389,420,13.8095238095238,36,7
Pinf_XP_002902090,95,37.8947368421053,17,4
Pinf_XP_002902568,489,7.36196319018405,5,3
Pinf_XP_002907231,184,36.4130434782609,9,4
Pinf_XP_002905571,310,6.12903225806452,15,2
Pinf_XP_002906612|Histone_H3,136,69.1176470588235,734,19
Pinf_XP_002906363,1477,0.4739336492891,2,1
Pinf_XP_002901880,222,13.5135135135135,17,3
Pinf_XP_002905531,570,1.2280701754386,2,1
Pinf_XP_002908396,524,1.14503816793893,5,1
Pinf_XP_002997370,1091,2.29147571035747,3,3
Pinf_XP_002903653,110,15.4545454545455,4,2
Pinf_XP_002896735,170,6.47058823529412,1,1
Pinf_XP_002897054,526,9.1254752851711,24,5
Pinf_XP_002908370,1273,1.57109190887667,5,2
Pinf_XP_002997994,460,1.73913043478261,6,1
Pinf_XP_002907205,177,31.0734463276836,68,5
Pinf_XP_002909571,329,12.7659574468085,6,2
CON_007180671,760,0.921052631578947,1,1
Pinf_XP_002909814,587,3.0664395229983,13,2
Pinf_XP_002997760,345,2.31884057971015,2,1
Pinf_XP_002905609,206,3.39805825242718,1,1
Pinf_XP_002999030,269,11.5241635687732,7,3
Pinf_XP_002895755,919,3.04678998911861,12,3
Pinf_XP_002897927,297,7.74410774410774,4,2
Pinf_XP_002905245,877,15.0513112884835,43,9
Pinf_XP_002895756,284,2.8169014084507,1,1
Pinf_XP_002900343,656,1.52439024390244,2,1
Pinf_XP_002903245,162,11.7283950617284,48,3
Pinf_XP_002908321,64,28.125,5,2
CON_007083981,607,7.0840197693575,22,4
Pinf_XP_002908436,203,63.5467980295566,117,15
Pinf_XP_002895282,251,5.57768924302789,18,1
Pinf_XP_002902877,530,4.52830188679245,5,2
Pinf_XP_002998737,259,50.1930501930502,40,9
Pinf_XP_002904081,2750,0.981818181818182,5,3
Pinf_XP_002907433,307,17.2638436482085,12,3
Pinf_XP_002895753,207,33.3333333333333,77,6
Pinf_XP_002904674,316,28.1645569620253,22,7
Pinf_XP_002909110,238,42.0168067226891,24,8
CON_007139284,201,9.95024875621891,6,2
Pinf_XP_002902215,467,2.14132762312634,5,1
Pinf_XP_002905563,166,37.3493975903614,27,6
Pinf_XP_002903104,158,11.3924050632911,4,2
Pinf_XP_002999019,773,0.776196636481242,1,1
Pinf_XP_002908856,149,6.04026845637584,4,1
Pinf_XP_002905526,567,19.2239858906526,34,7
Pinf_XP_002902669,834,3.59712230215827,5,3
Pinf_XP_002898267,564,2.4822695035461,2,1
Pinf_XP_002897473,424,10.377358490566,10,5
Pinf_XP_002906490,140,26.4285714285714,18,4
Pinf_XP_002996949,264,14.0151515151515,12,4
CON_IPI007458722,609,2.29885057471264,3,1
Pinf_XP_002903656,1535,1.43322475570033,2,2
Pinf_XP_002905198,251,10.3585657370518,7,2
Pinf_XP_002902962,285,2.45614035087719,3,1
Pinf_XP_002900774,1007,9.73187686196624,40,6
Pinf_XP_002904015,382,5.49738219895288,7,3
Pinf_XP_002898608,860,2.32558139534884,11,2
Pinf_XP_002898803,616,2.92207792207792,9,2
CON_006222404,707,1.98019801980198,2,1
Pinf_XP_002903244,418,1.91387559808612,3,1
Pinf_XP_002907715,908,1.65198237885463,4,1
Pinf_XP_002999221,1272,1.96540880503145,3,2
Pinf_XP_002907645,645,3.72093023255814,6,3
Pinf_XP_002998671,1214,0.494233937397035,5,1
Pinf_XP_002909974,265,40.0,31,8
Pinf_XP_002902794,399,2.5062656641604,1,1
Pinf_XP_002903155,113,7.07964601769912,5,1
Pinf_XP_002909397,84,21.4285714285714,4,1
Pinf_XP_002901255,285,6.66666666666667,5,2
Pinf_XP_002905314,1070,4.01869158878505,18,3
Pinf_XP_002901955,276,12.6811594202899,15,3
Pinf_XP_002904344,428,5.14018691588785,4,2
Pinf_XP_002908140,217,46.0829493087558,101,9
Pinf_XP_002897010,180,14.4444444444444,18,3
Pinf_XP_002901741,130,11.5384615384615,6,1
Pinf_XP_002997592,123,8.13008130081301,1,1
Pinf_XP_002998541,706,1.41643059490085,1,1
Pinf_XP_002903175,122,7.37704918032787,1,1
Pinf_XP_002898869,224,4.46428571428571,3,1
Pinf_XP_002902011,654,6.57492354740061,16,3
Pinf_XP_002899256,1501,0.399733510992672,2,1
Pinf_XP_002899156,507,7.88954635108481,6,3
Pinf_XP_002904927|Histone_H3,179,47.4860335195531,486,14
Pinf_XP_002902757,111,23.4234234234234,26,3
Pinf_XP_002906300,289,2.7681660899654,5,1
Pinf_XP_002899288,228,5.70175438596491,2,1
Pinf_XP_002900399,173,14.4508670520231,2,2
Pinf_XP_002906008,455,5.27472527472527,3,3
Pinf_XP_002905115,216,8.7962962962963,41,3
Pinf_XP_002909593,767,4.43285528031291,7,3
Pinf_XP_002907494,206,39.8058252427184,32,8
Pinf_XP_002894855,253,52.5691699604743,133,10
Pinf_XP_002906264,189,25.9259259259259,36,6
Pinf_XP_002897741,339,1.76991150442478,9,1
Pinf_XP_002906181,897,1.44927536231884,2,1
Pinf_XP_002905695,395,5.31645569620253,5,2
CON_007164551,145,7.58620689655172,5,1
Pinf_XP_002897888,351,17.9487179487179,28,5
Pinf_XP_002906827,281,2.49110320284698,2,1
Pinf_XP_002903189,317,9.14826498422713,15,2
Pinf_XP_002899355,349,5.44412607449857,5,2
Pinf_XP_002896200,693,3.17460317460317,4,2
Pinf_XP_002907884,445,1.79775280898876,3,1
CON_006960124,1969,1.52361604875571,10,3
Pinf_XP_002996931,147,31.2925170068027,45,4
Pinf_XP_002906556,4313,0.440528634361234,2,2
Pinf_XP_002907836,428,5.8411214953271,9,2
Pinf_XP_002998614,421,5.93824228028503,6,2
Pinf_XP_002908322,170,3.52941176470588,15,1
Pinf_XP_002997933,175,51.4285714285714,102,6
Pinf_XP_002898074,421,2.37529691211401,2,1
Pinf_XP_002908532,141,39.0070921985816,61,6
Pinf_XP_002901066,562,3.38078291814947,8,3
Pinf_XP_002909556,681,1.17474302496329,7,1
Pinf_XP_002901341,377,3.18302387267904,6,1
Pinf_XP_002909379,275,19.2727272727273,13,4
Pinf_XP_002899437,105,31.4285714285714,4,3
Pinf_XP_002908354,362,3.31491712707182,1,1
Pinf_XP_002900736,1462,0.410396716826265,9,1
Pinf_XP_002903956,338,4.14201183431953,6,2
Pinf_XP_002907418,129,10.077519379845,5,1
Pinf_XP_002997572,104,38.4615384615385,25,3
Pinf_XP_002903403,261,25.6704980842912,19,6
Pinf_XP_002907149,673,1.63447251114413,1,1
Pinf_XP_002999188,605,4.95867768595041,4,3
Pinf_XP_002902503,2461,0.24380333197887,2,1
CON_000098652,593,5.39629005059022,8,3
Pinf_XP_002896759,134,13.4328358208955,24,2
Pinf_XP_002898525,242,9.50413223140496,5,2
Pinf_XP_002999175,590,7.28813559322034,7,3
Pinf_XP_002897467,123,10.5691056910569,6,1
Pinf_XP_002997062,361,4.70914127423823,4,2
Pinf_XP_002907452,208,30.7692307692308,42,8
Pinf_XP_002902234,206,4.85436893203883,1,1
Pinf_XP_002907502,1700,4.94117647058823,13,9
Pinf_XP_002998501,274,16.4233576642336,3,3
Pinf_XP_002909090,335,11.3432835820896,4,2
Pinf_XP_002903617,196,28.0612244897959,58,9
Pinf_XP_002904033,434,5.99078341013825,3,2
Pinf_XP_002908887,144,25.0,41,6
Pinf_XP_002902584,179,26.8156424581006,21,3
Pinf_XP_002898155,960,0.625,5,1
Pinf_XP_002900372,177,18.6440677966102,10,2
Pinf_XP_002909307,609,1.64203612479475,1,1
Pinf_XP_002901449,225,14.6666666666667,19,3
Pinf_XP_002898537,1149,3.82941688424717,6,3
Pinf_XP_002906025,495,1.61616161616162,6,1
Pinf_XP_002903914,59,33.8983050847458,15,2
Pinf_XP_002901281,176,11.3636363636364,2,2
Pinf_XP_002998716,178,18.5393258426966,29,4
Pinf_XP_002901980,590,1.35593220338983,3,1
Pinf_XP_002908827,466,4.72103004291846,7,2
Pinf_XP_002896099,125,6.4,2,1
Pinf_XP_002904996,290,13.1034482758621,10,3
Pinf_XP_002908515,268,9.32835820895522,6,3
Pinf_XP_002901550,148,6.75675675675676,5,1
Pinf_XP_002896896,127,55.1181102362205,31,4
Pinf_XP_002907343,108,7.40740740740741,19,2
Pinf_XP_002907063,243,22.2222222222222,7,4
Pinf_XP_002901753,679,1.32547864506627,1,1
Pinf_XP_002898515,211,3.7914691943128,1,1
Pinf_XP_002902787,107,61.6822429906542,119,9
Pinf_XP_002901069,218,3.21100917431193,6,1
Pinf_XP_002907146,108,13.8888888888889,4,1
CON_007264311,690,76.9565217391304,124,6
Pinf_XP_002896225,86,48.8372093023256,39,3
CON_006889482,152,7.89473684210526,8,1
Pinf_XP_002901751,271,4.7970479704797,7,1
Pinf_XP_002903362,82,28.0487804878049,7,2
Pinf_XP_002904219,758,2.11081794195251,4,2
Pinf_XP_002907701,1510,0.529801324503311,1,1
Pinf_XP_002907202,786,2.16284987277354,7,2
Pinf_XP_002907246,610,2.95081967213115,9,2
Pinf_XP_002998093,107,33.6448598130841,34,4
Pinf_XP_002998007,250,4.4,5,1
Pinf_XP_002901007,723,16.7358229598893,67,8
Pinf_XP_002903452,240,18.3333333333333,5,2
Pinf_XP_002997103,171,16.374269005848,2,2
Pinf_XP_002898366,294,30.6122448979592,30,7
Pinf_XP_002903174,310,2.90322580645161,1,1
Pinf_XP_002899995,114,7.89473684210526,2,1
Pinf_XP_002905636,261,10.3448275862069,13,4
Pinf_XP_002904062,425,1.64705882352941,1,1
CON_007110311,641,5.46021840873635,12,3
Pinf_XP_002896704,297,3.7037037037037,3,1
Pinf_XP_002998735,363,3.30578512396694,9,1
Pinf_XP_002905870,328,14.0243902439024,19,4
Pinf_XP_002908720,191,20.9424083769633,7,3
Pinf_XP_002998697,486,1.23456790123457,1,1
Pinf_XP_002999051,1190,0.504201680672269,7,1
Pinf_XP_002997257,270,2.22222222222222,6,1
Pinf_XP_002909401,164,9.75609756097561,4,2
Pinf_XP_002900007,120,45.0,64,5
Pinf_XP_002908339,1035,1.06280193236715,2,1
Pinf_XP_002903655,137,35.7664233576642,23,3
Pinf_XP_002909173,344,8.13953488372093,28,3
Pinf_XP_002908234,465,3.2258064516129,4,1
Pinf_XP_002896163,302,3.3112582781457,3,1
Pinf_XP_002902745,129,29.4573643410853,24,3
Pinf_XP_002996919,209,9.09090909090909,1,1
Pinf_XP_002906210,620,1.29032258064516,4,1
Pinf_XP_002901191,246,4.47154471544715,4,1
Pinf_XP_002907050,125,20.8,11,2
Pinf_XP_002898519,184,5.97826086956522,2,1
Pinf_XP_002899129,165,5.45454545454545,3,1
Pinf_XP_002901236,220,4.54545454545455,3,1
Pinf_XP_002906301,152,55.2631578947368,72,8
Pinf_XP_002902878,165,29.6969696969697,55,4
CON_Trypsin,231,25.1082251082251,71,4
Pinf_XP_002908102,259,12.3552123552124,2,1
Pinf_XP_002999190,458,7.86026200873363,11,2
Pinf_XP_002909454,380,5.0,11,2
Pinf_XP_002895519,638,7.83699059561129,22,6
Pinf_XP_002908182,761,1.97109067017083,5,2
Pinf_XP_002899534,670,0.895522388059702,2,1
Pinf_XP_002900655,172,7.55813953488372,1,1
Pinf_XP_002897945,417,2.6378896882494,1,1
Pinf_XP_002909328,127,14.9606299212598,10,2
Pinf_XP_002904872,505,15.2475247524752,21,8
Pinf_XP_002997595,130,29.2307692307692,15,3
Pinf_XP_002901211,374,4.01069518716578,2,1
Pinf_XP_002900192,106,6.60377358490566,1,1
Pinf_XP_002906790,218,12.3853211009174,7,2
Pinf_XP_002894860,450,2.0,1,1
Pinf_XP_002903839,648,1.23456790123457,2,1
Pinf_XP_002901194,1324,3.54984894259819,5,3
Pinf_XP_002904249,368,6.79347826086956,2,2
Pinf_XP_002997684,1211,0.908340214698596,1,1
Pinf_XP_002905598,433,3.23325635103926,6,2
Pinf_XP_002898250,375,10.9333333333333,15,4
Pinf_XP_002999171,181,13.8121546961326,4,2
Pinf_XP_002904187,1466,1.29604365620737,3,1
Pinf_XP_002898409,487,9.24024640657084,10,5
Pinf_XP_002907598,150,48.6666666666667,70,7
Pinf_XP_002901743,859,7.10128055878929,23,6
Pinf_XP_002909555,453,4.85651214128035,8,3
Pinf_XP_002899427,242,16.9421487603306,3,2
Pinf_XP_002907919,218,23.394495412844,14,4
Pinf_XP_002897374,305,59.0163934426229,101,5
Pinf_XP_002896755,490,3.46938775510204,3,2
Pinf_XP_002905111,656,1.52439024390244,1,1
Pinf_XP_002998419,184,5.97826086956522,1,1
Pinf_XP_002906830,118,14.4067796610169,5,1
Pinf_XP_002902310,286,6.64335664335664,2,2
Pinf_XP_002997057,210,9.52380952380952,5,2
Pinf_XP_002906414,324,3.08641975308642,1,1
Pinf_XP_002903234,101,40.5940594059406,26,3
Pinf_XP_002902842,221,18.0995475113122,22,3
Pinf_XP_002905900,138,21.0144927536232,17,5
Pinf_XP_002997909,390,2.05128205128205,1,1
Pinf_XP_002901646,919,5.65832426550598,10,4
Pinf_XP_002999173,256,2.34375,3,1
Pinf_XP_002909240,881,4.31328036322361,9,6
Pinf_XP_002996998,174,5.17241379310345,2,1
Pinf_XP_002905240,326,33.1288343558282,78,8
Pinf_XP_002998398,256,51.953125,157,16
Pinf_XP_002904226,177,15.819209039548,4,2
Pinf_XP_002899096,325,2.46153846153846,1,1
Pinf_XP_002909042,242,61.9834710743802,149,17
Pinf_XP_002900276,301,25.5813953488372,27,6
Pinf_XP_002998535,173,6.35838150289017,2,1
Pinf_XP_002997180,148,4.05405405405405,1,1
Pinf_XP_002902836,150,5.33333333333333,1,1
Pinf_XP_002908160,223,14.3497757847534,5,4
Pinf_XP_002895337,423,19.8581560283688,69,6
Pinf_XP_002905565,322,10.5590062111801,10,2
Pinf_XP_002908595,2368,1.1402027027027,5,4
CON_007135051,1662,0.481347773766546,1,1
Pinf_XP_002906616,1079,0.92678405931418,2,1
Pinf_XP_002906528,454,4.62555066079295,10,3
Pinf_XP_002904744,1578,1.7743979721166,12,3
Pinf_XP_002907383,407,10.5651105651106,30,4
Pinf_XP_002901762,706,2.97450424929179,3,2
Pinf_XP_002898512,233,16.3090128755365,20,5
Pinf_XP_002905238,204,4.90196078431373,4,1
Pinf_XP_002898884,388,3.60824742268041,1,1
Pinf_XP_002997571,315,4.44444444444444,1,1
Pinf_XP_002997444,411,5.10948905109489,7,2
Pinf_XP_002905094,298,5.36912751677852,2,2
Pinf_XP_002897841,337,4.15430267062314,4,2
Pinf_XP_002901291,362,2.20994475138122,3,1
Pinf_XP_002906137,128,13.28125,11,2
Pinf_XP_002899720,261,27.9693486590038,30,6
Pinf_XP_002895418,80,22.5,4,2
Pinf_XP_002907576,264,40.1515151515151,34,7
Pinf_XP_002902939,2164,0.323475046210721,20,1
Pinf_XP_002901887,590,2.54237288135593,4,2
Pinf_XP_002997394,412,17.4757281553398,16,6
CON_ENO2,437,1.37299771167048,1,1
Pinf_XP_002903953,143,4.1958041958042,1,1
Pinf_XP_002900405,473,12.6849894291755,12,6
Pinf_XP_002905546,205,75.609756097561,188,15
Pinf_XP_002905675,470,6.17021276595745,5,2
Pinf_XP_002909029,540,1.66666666666667,2,1
Pinf_XP_002900107,255,10.5882352941176,6,3
Pinf_XP_002898041,225,3.55555555555556,7,1
Pinf_XP_002908836,439,15.7175398633257,13,4
Pinf_XP_002895724,150,43.3333333333333,83,7
Pinf_XP_002909204,106,27.3584905660377,8,3
Pinf_XP_002904635,424,3.5377358490566,4,1
Pinf_XP_002909256,325,6.15384615384615,2,1
Pinf_XP_002903934,692,1.15606936416185,1,1
Pinf_XP_002997397,216,3.7037037037037,9,1
Pinf_XP_002907539,496,3.2258064516129,2,1
Pinf_XP_002899678,386,5.18134715025907,4,2
Pinf_XP_002896162,374,2.67379679144385,3,1
Pinf_XP_002997705,188,3.72340425531915,1,1
Pinf_XP_002898490,510,38.6274509803922,91,20
Pinf_XP_002902513,388,1.80412371134021,1,1
Pinf_XP_002906751,454,12.1145374449339,30,5
Pinf_XP_002896062,738,3.92953929539295,15,3
Pinf_XP_002900784,169,31.9526627218935,14,6
Pinf_XP_002897096,130,33.8461538461538,11,4
Pinf_XP_002904124,179,24.0223463687151,26,5
Pinf_XP_002908197,115,8.69565217391304,1,1
Pinf_XP_002901393,140,30.7142857142857,25,4
Pinf_XP_002997507,249,14.4578313253012,25,3
Pinf_XP_002896632,111,15.3153153153153,7,2
Pinf_XP_002895035,1154,5.11265164644714,9,7
Pinf_XP_002907394,178,3.37078651685393,2,1
Pinf_XP_002906829,85,23.5294117647059,10,2
Pinf_XP_002906142,1068,7.49063670411985,38,8
Pinf_XP_002906519,191,31.9371727748691,12,5
Pinf_XP_002904422,398,1.75879396984925,2,1
Pinf_XP_002908706,1566,0.893997445721584,2,2
Pinf_XP_002906809,184,10.3260869565217,5,2
Pinf_XP_002903183,183,6.01092896174863,8,1
Pinf_XP_002902431,1299,1.00076982294072,3,1
Pinf_XP_002904687,115,8.69565217391304,2,1
Pinf_XP_002900232,79,31.6455696202532,5,3
Pinf_XP_002897665,170,9.41176470588235,4,1
Pinf_XP_002909645,694,3.45821325648415,2,2
Pinf_XP_002895536,227,3.08370044052863,3,1
Pinf_XP_002908791,340,24.1176470588235,36,7
Pinf_XP_002904561,444,2.7027027027027,4,1
Pinf_XP_002901599,323,4.02476780185759,2,1
Pinf_XP_002898284,376,10.9042553191489,15,4
Pinf_XP_002904985,1151,0.608166811468288,4,1
Pinf_XP_002904604,234,20.9401709401709,39,5
Pinf_XP_002903696,551,1.08892921960073,2,1
Pinf_XP_002907897,224,14.2857142857143,9,2
Pinf_XP_002909088,421,3.56294536817102,2,2
Pinf_XP_002906549,254,7.08661417322835,3,2
Pinf_XP_002901454,209,29.6650717703349,43,8
Pinf_XP_002900743,584,16.2671232876712,24,8
Pinf_XP_002904430,260,12.3076923076923,23,3
Pinf_XP_002899087,158,47.4683544303797,107,6
Pinf_XP_002894810,327,6.11620795107034,1,1
Pinf_XP_002902894,92,82.6086956521739,81,10
Pinf_XP_002900501,614,1.1400651465798,2,1
Pinf_XP_002908093,564,5.85106382978723,10,4
Pinf_XP_002909943,141,13.4751773049645,13,2
Pinf_XP_002905297,171,29.2397660818713,12,3
Pinf_XP_002897818,437,5.26315789473684,4,2
Pinf_XP_002997374,119,28.5714285714286,14,3
Pinf_XP_002906060,161,3.72670807453416,4,1
Pinf_XP_002902846,166,10.8433734939759,4,2
Pinf_XP_002906508,535,1.86915887850467,2,1
Pinf_XP_002902716,156,41.6666666666667,104,7
Pinf_XP_002903508,3898,0.590046177526937,14,3
Pinf_XP_002908568,641,3.58814352574103,10,1
Pinf_XP_002999128,112,47.3214285714286,3,3
Pinf_XP_002907667,677,3.24963072378139,4,2
Pinf_XP_002899660,505,11.6831683168317,42,6
Pinf_XP_002908773,550,2.0,1,1
Pinf_XP_002903780,543,1.10497237569061,2,1
Pinf_XP_002903464,524,7.82442748091603,4,3
Pinf_XP_002904740,483,1.65631469979296,1,1
Pinf_XP_002907571,546,2.38095238095238,2,1
Pinf_XP_002898279,186,8.60215053763441,3,1
Pinf_XP_002909277,703,2.56045519203414,2,2
Pinf_XP_002897794,206,42.2330097087379,29,8
Pinf_XP_002905974,357,9.2436974789916,19,4
Pinf_XP_002901802,395,5.06329113924051,2,1
Pinf_XP_002998752,136,10.2941176470588,6,2
Pinf_XP_002907375,395,7.59493670886076,19,3
Pinf_XP_002909677,79,12.6582278481013,1,1
Pinf_XP_002906319,144,58.3333333333333,122,10
Pinf_XP_002908673,744,3.49462365591398,9,2
Pinf_XP_002902469,495,3.03030303030303,4,2
Pinf_XP_002999307,340,8.23529411764706,3,2
Pinf_XP_002903085,154,40.9090909090909,106,7
Pinf_XP_002908401,207,42.512077294686,26,8
Pinf_XP_002897937,64,14.0625,1,1
Pinf_XP_002905202,244,42.2131147540984,98,11
Pinf_XP_002998392,126,15.0793650793651,5,2
Pinf_XP_002902293,242,9.50413223140496,3,2
Pinf_XP_002900240,823,1.33657351154313,2,1
Pinf_XP_002906888,647,8.0370942812983,35,4
Pinf_XP_002894869,1358,1.03092783505155,1,1
Pinf_XP_002897049,176,9.09090909090909,1,1
Pinf_XP_002897221,878,2.50569476082005,19,2
Pinf_XP_002907155,717,6.83403068340307,8,4
Pinf_XP_002908356,1118,11.4490161001789,22,10
Pinf_XP_002902428,216,42.5925925925926,27,6
Pinf_XP_002904954,847,0.708382526564345,1,1
Pinf_XP_002907249,142,30.9859154929577,33,6
Pinf_XP_002905977,119,8.40336134453782,5,1
Pinf_XP_002897323,325,36.3076923076923,92,9
CON_007083982,609,7.06075533661741,22,4
Pinf_XP_002908437,387,3.10077519379845,1,1
Pinf_XP_002900555,393,5.59796437659033,6,3
Pinf_XP_002897791,82,20.7317073170732,9,1
Pinf_XP_002904592,245,6.12244897959184,18,1
Pinf_XP_002896725,260,5.0,5,2
Pinf_XP_002903343,260,3.46153846153846,5,1
Pinf_XP_002902282,112,14.2857142857143,3,1
Pinf_XP_002897617,2293,0.305276929786306,2,2
Pinf_XP_002997413,439,4.32801822323462,6,1
Pinf_XP_002903073,580,3.62068965517241,3,1
Pinf_XP_002905277,317,4.10094637223975,1,1
Pinf_XP_002903703,792,2.02020202020202,3,1
Pinf_XP_002895445,573,4.88656195462478,28,3
Pinf_XP_002901917,884,12.7828054298643,33,10
Pinf_XP_002896261,1346,1.1887072808321,1,1
Pinf_XP_002894883,228,4.3859649122807,9,2
Pinf_XP_002897716,198,22.7272727272727,30,4
Pinf_XP_002903188,128,39.84375,108,6
Pinf_XP_002898559,245,6.12244897959184,18,1
Pinf_XP_002904016,113,53.0973451327434,102,8
Pinf_XP_002900591,299,3.67892976588629,11,1
Pinf_XP_002909982,317,4.73186119873817,7,2
Pinf_XP_002906596,567,9.87654320987654,13,5
Pinf_XP_002903962,283,42.4028268551237,45,7
Pinf_XP_002898177,537,1.30353817504655,8,1
Pinf_XP_002902798,239,5.85774058577406,3,2
Pinf_XP_002902672,263,7.60456273764259,6,2
Pinf_XP_002897060,239,22.1757322175732,23,6
Pinf_XP_002908512,283,8.12720848056537,8,3
Pinf_XP_002999217,188,3.72340425531915,1,1
Pinf_XP_002906558,591,1.69204737732657,1,1
Pinf_XP_002901190,653,15.7733537519142,87,6
Pinf_XP_002998311,213,15.962441314554,15,3
Pinf_XP_002903122,162,35.8024691358025,25,4
Pinf_XP_002906886,388,6.70103092783505,6,5
Pinf_XP_002897976,133,19.5488721804511,16,2
CON_006989001,375,26.4,28,9
Pinf_XP_002895800,948,0.949367088607595,1,1
Pinf_XP_002897400,443,27.9909706546275,25,10
Pinf_XP_002998862,125,16.8,10,3
CON_000213041,645,12.5581395348837,22,5
Pinf_XP_002907507,382,13.8743455497382,31,4
Pinf_XP_002906629,405,14.8148148148148,10,6
Pinf_XP_002903531,239,26.7782426778243,50,4
Pinf_XP_002896975,164,11.5853658536585,10,2
Pinf_XP_002905713,545,3.30275229357798,9,2
Pinf_XP_002897795,887,10.4847801578354,17,8
Pinf_XP_002907626,443,15.5756207674944,27,7
Pinf_XP_002895038,453,24.5033112582781,48,9
Pinf_XP_002900809,429,7.92540792540793,15,3
Pinf_XP_002898605,2228,0.448833034111311,8,1
Pinf_XP_002901361,265,3.39622641509434,1,1
Pinf_XP_002907209,689,2.61248185776488,2,2
Pinf_XP_002900808,537,1.11731843575419,3,1
Pinf_XP_002906034,213,5.16431924882629,16,1
Pinf_XP_002902764,332,27.4096385542169,45,5
Pinf_XP_002998845,534,2.43445692883895,2,1
Pinf_XP_002903919,327,6.11620795107034,1,1
Pinf_XP_002998118,166,10.2409638554217,3,2
Pinf_XP_002998683,314,3.18471337579618,1,1
Pinf_XP_002904334,320,45.0,86,15
Pinf_XP_002906965,317,3.15457413249211,3,1
Pinf_XP_002896379,132,50.0,33,6
Pinf_XP_002997904,157,3.82165605095541,3,1
Pinf_XP_002906828,296,4.39189189189189,3,1
Pinf_XP_002899574,141,4.9645390070922,3,1
Pinf_XP_002906950,139,44.6043165467626,94,10
Pinf_XP_002897238,328,12.8048780487805,11,4
Pinf_XP_002902008,653,6.58499234303216,16,3
Pinf_XP_002909741,271,12.9151291512915,4,2
Pinf_XP_002998411,1483,1.01146325016858,3,2
Pinf_XP_002899246,566,2.82685512367491,1,1
Pinf_XP_002907190,490,1.22448979591837,1,1
Pinf_XP_002906406,278,30.9352517985612,87,9
Pinf_XP_002902132,351,7.69230769230769,11,3
Pinf_XP_002899990,391,1.79028132992327,3,1
Pinf_XP_002909657,202,13.3663366336634,13,4
Pinf_XP_002897858,120,5.83333333333333,2,1
Pinf_XP_002902934,507,3.55029585798817,4,2
Pinf_XP_002906808,78,19.2307692307692,55,3
Pinf_XP_002902006,653,6.58499234303216,16,3
Pinf_XP_002900404,185,7.56756756756757,6,1
Pinf_XP_002901761,488,16.5983606557377,26,6
Pinf_XP_002896349,1058,1.22873345935728,8,1
Pinf_XP_002907527,390,2.30769230769231,1,1
Pinf_XP_002909637,405,4.93827160493827,5,3
Pinf_XP_002909070,310,4.83870967741935,1,1
Pinf_XP_002902726,249,10.0401606425703,8,2
Pinf_XP_002899097,919,16.4309031556039,62,10
Pinf_XP_002902565,90,27.7777777777778,14,2
Pinf_XP_002907504,272,5.88235294117647,1,1
Pinf_XP_002904037,3773,0.21203286509409,1,1
Pinf_XP_002899124,165,5.45454545454545,3,1
Pinf_XP_002901451,323,5.26315789473684,3,2
Pinf_XP_002897926,75,68.0,29,4
Pinf_XP_002897020,530,2.45283018867925,1,1
Pinf_XP_002909894,149,9.39597315436242,2,1
Pinf_XP_002907910,150,4.66666666666667,1,1
Pinf_XP_002908577,88,42.0454545454545,22,3
Pinf_XP_002896956,107,18.6915887850467,8,2
Pinf_XP_002907350,710,1.69014084507042,4,1
Pinf_XP_002903720,239,8.36820083682008,4,2
Pinf_XP_002898364,117,31.6239316239316,6,6
Pinf_XP_002906717,232,21.9827586206897,33,5
Pinf_XP_002908873,265,30.188679245283,45,5
Pinf_XP_002909257,182,10.4395604395604,9,2
Pinf_XP_002907206,426,3.28638497652582,8,1
Pinf_XP_002906015,308,34.7402597402597,85,10
Pinf_XP_002897069,585,3.07692307692308,9,2
Pinf_XP_002908804,138,15.9420289855072,25,3
Pinf_XP_002902739,226,3.53982300884956,5,1
Pinf_XP_002905018,124,20.1612903225806,22,3
Pinf_XP_002907450,1100,1.90909090909091,3,2
Pinf_XP_002904014,328,1.82926829268293,4,1
Pinf_XP_002896901,525,1.52380952380952,4,1
Pinf_XP_002897747,152,5.92105263157895,1,1
Pinf_XP_002905307,422,6.63507109004739,3,2
Pinf_XP_002898351,939,1.17145899893504,1,1
Pinf_XP_002906668|Histone_H2B,117,99.1452991452991,466,19
Pinf_XP_002900245,307,30.6188925081433,29,7
Pinf_XP_002900810,266,2.63157894736842,7,1
Pinf_XP_002906778,1277,0.469851213782302,2,1
Pinf_XP_002999257,558,4.3010752688172,8,2
Pinf_XP_002997211,251,2.78884462151394,3,1
Pinf_XP_002997366,65,100.0,66,6
Pinf_XP_002900625,165,33.3333333333333,10,3
Pinf_XP_002902694,1405,3.84341637010676,5,5
CON_002203273,644,4.34782608695652,11,3
Pinf_XP_002905610,481,2.7027027027027,4,1
Pinf_XP_002898873,293,2.38907849829352,3,1
Pinf_XP_002908797,250,7.2,4,2
Pinf_XP_002906509,535,1.86915887850467,2,1
Pinf_XP_002899900,451,1.55210643015521,4,1
Pinf_XP_002895213,40,20.0,1,1
Pinf_XP_002897886,650,2.92307692307692,7,2
Pinf_XP_002896139,94,29.7872340425532,23,3
Pinf_XP_002903250,154,18.8311688311688,12,3
Pinf_XP_002896771,675,0.888888888888889,4,1
Pinf_XP_002906147,741,0.809716599190283,1,1
Pinf_XP_002907393,110,30.0,17,3
Pinf_XP_002903091,116,15.5172413793103,13,2
Pinf_XP_002898607,102,66.6666666666667,35,6
Pinf_XP_002904763,745,7.91946308724832,32,6
Pinf_XP_002997436,208,45.1923076923077,120,10
Pinf_XP_002905453,484,2.27272727272727,1,1
Pinf_XP_002999240,767,4.17209908735332,21,3
Pinf_XP_002902362,373,4.82573726541555,2,2
Pinf_XP_002902523,481,1.66320166320166,3,1
Pinf_XP_002908463,301,5.98006644518272,6,2
Pinf_XP_002908382,171,12.280701754386,4,1
Pinf_XP_002904271,780,6.79487179487179,11,5
Pinf_XP_002997221,128,15.625,7,3
Pinf_XP_002896993,169,10.6508875739645,2,1
Pinf_XP_002905383,443,12.1896162528217,19,7
Pinf_XP_002997533,129,4.65116279069767,2,1
Pinf_XP_002901974,507,7.49506903353057,7,3
Pinf_XP_002903339,255,3.52941176470588,5,1
Pinf_XP_002999044,253,52.5691699604743,91,10
Pinf_XP_002902930,170,15.2941176470588,4,2
Pinf_XP_002907520,289,3.80622837370242,1,1
Pinf_XP_002903096,112,30.3571428571429,9,3
Pinf_XP_002904849,385,36.3636363636364,43,8
Pinf_XP_002900135,131,55.7251908396947,47,7
Pinf_XP_002908911,125,24.8,23,3
Pinf_XP_002906750,454,12.1145374449339,30,5
Pinf_XP_002904234,384,2.08333333333333,2,1
Pinf_XP_002897834,229,22.707423580786,6,3
Pinf_XP_002906021,272,2.20588235294118,2,1
Pinf_XP_002903227,108,11.1111111111111,2,1
Pinf_XP_002909481,160,60.625,126,9
Pinf_XP_002904536,238,2.94117647058824,3,1
Pinf_XP_002909452,189,12.1693121693122,47,5
Pinf_XP_002997717,474,5.27426160337553,11,3
Pinf_XP_002905694,542,5.90405904059041,3,2
Pinf_XP_002907102,5122,0.273330730183522,6,2
CON_006931702,250,2.8,2,1
Pinf_XP_002902879,220,7.72727272727273,1,1
Pinf_XP_002998618,620,2.09677419354839,1,1
Pinf_XP_002998826,244,21.7213114754098,25,4
Pinf_XP_002906679,490,1.42857142857143,6,2
Pinf_XP_002899338,414,11.3526570048309,6,3
CON_009065291,378,14.5502645502645,14,5
Pinf_XP_002904305,309,12.621359223301,24,5
Pinf_XP_002904517,136,9.55882352941176,1,1
Pinf_XP_002903033,720,1.11111111111111,3,1
Pinf_XP_002902309,121,19.0082644628099,12,3
Pinf_XP_002902999,246,19.1056910569106,43,5
Pinf_XP_002902249,988,3.13765182186235,4,3
Pinf_XP_002906011,115,9.56521739130435,1,1
Pinf_XP_002998293,438,1.36986301369863,2,1
Pinf_XP_002899857,51,86.2745098039216,104,6
Pinf_XP_002907554,145,23.448275862069,14,3
Pinf_XP_002908678,665,0.902255639097744,1,1
Pinf_XP_002904186,609,0.985221674876847,5,1
Pinf_XP_002903708,133,10.5263157894737,6,1
Pinf_XP_002897938,150,96.6666666666667,157,11
Pinf_XP_002901831,431,28.7703016241299,77,9
Pinf_XP_002908808,704,1.27840909090909,1,1
Pinf_XP_002901426,597,5.19262981574539,7,2
Pinf_XP_002898870,538,1.85873605947955,3,1
Pinf_XP_002900032,134,8.2089552238806,1,1
Pinf_XP_002901276,261,19.9233716475096,54,5
Pinf_XP_002896242,491,4.27698574338086,5,2
Pinf_XP_002901799,407,7.12530712530713,7,2
Pinf_XP_002908076,333,3.6036036036036,1,1
Pinf_XP_002900912,77,27.2727272727273,6,2
Pinf_XP_002903726,97,9.27835051546392,4,1
Pinf_XP_002898444,208,14.4230769230769,20,3
Pinf_XP_002903176,185,87.5675675675676,198,21
Pinf_XP_002998566,657,1.21765601217656,2,1
Pinf_XP_002905457,576,6.42361111111111,6,3
Pinf_XP_002904750,998,0.701402805611222,1,1
Pinf_XP_002898420,336,2.38095238095238,12,1
Pinf_XP_002998780,484,1.44628099173554,3,1
Pinf_XP_002900772,249,4.01606425702811,4,1
Pinf_XP_002906720,216,3.24074074074074,2,1
Pinf_XP_002998917,402,16.6666666666667,24,7
Pinf_XP_002897292,1469,0.408441116405718,1,1
Pinf_XP_002898055,899,1.00111234705228,1,1
Pinf_XP_002901338,377,3.18302387267904,6,1
Pinf_XP_002908630,471,2.54777070063694,1,1
Pinf_XP_002998512,92,22.8260869565217,8,2
Pinf_XP_002896997,151,54.3046357615894,132,11
Pinf_XP_002906694,167,10.7784431137725,142,1
Pinf_XP_002998461,536,2.79850746268657,1,1
Pinf_XP_002902037,144,4.16666666666667,16,1
Pinf_XP_002899239,191,12.0418848167539,7,2
Pinf_XP_002909471,428,1.86915887850467,1,1
Pinf_XP_002901244,5515,0.398912058023572,3,2
Pinf_XP_002900679,465,14.8387096774194,24,8
Pinf_XP_002895390,90,53.3333333333333,35,6
Pinf_XP_002901021,305,26.2295081967213,12,6
Pinf_XP_002898487,311,16.0771704180064,4,3
Pinf_XP_002907120,163,3.68098159509202,2,1
Pinf_XP_002903834,763,7.3394495412844,8,4
Pinf_XP_002998744,814,1.5970515970516,1,1
Pinf_XP_002901450,229,14.410480349345,19,3
Pinf_XP_002906689,66,43.9393939393939,16,2
Pinf_XP_002907974,1329,1.42964635063958,4,2
Pinf_XP_002908829,187,18.716577540107,17,3
Pinf_XP_002899111,263,32.319391634981,43,9
Pinf_XP_002901271,335,2.98507462686567,1,1
Pinf_XP_002899844,355,7.88732394366197,21,3
Pinf_XP_002998906,500,5.2,3,3
Pinf_XP_002896280,267,2.62172284644195,1,1
Pinf_XP_002899365,1586,1.70239596469105,5,3
Pinf_XP_002905692,142,10.5633802816901,11,2
Pinf_XP_002897500,92,10.8695652173913,3,1
Pinf_XP_002998301,163,13.4969325153374,4,3
Pinf_XP_002904944,568,1.05633802816901,9,1
Pinf_XP_002898414,456,3.7280701754386,12,3
Pinf_XP_002900319,1000,5.6,12,7
Pinf_XP_002902725,63,90.4761904761905,188,10
Pinf_XP_002906730,661,3.02571860816944,3,2
Pinf_XP_002895190,123,10.5691056910569,11,1
Pinf_XP_002904197,673,2.37741456166419,1,1
Pinf_XP_002909425,112,49.1071428571429,65,5
Pinf_XP_002907831,76,21.0526315789474,3,1
Pinf_XP_002997596,328,13.4146341463415,11,3
Pinf_XP_002896210,281,3.55871886120996,2,1
Pinf_XP_002904932|Histone_H3,136,57.3529411764706,463,12
Pinf_XP_002901277,561,1.60427807486631,3,1
Pinf_XP_002906574,483,9.73084886128364,6,4
Pinf_XP_002905283,367,8.17438692098093,6,3
Pinf_XP_002903022,1008,0.992063492063492,4,1
Pinf_XP_002898070,114,13.1578947368421,2,2
Pinf_XP_002901873,192,61.4583333333333,100,10
Pinf_XP_002905712,1327,0.452147701582517,7,1
Pinf_XP_002899088,143,16.7832167832168,9,2
Pinf_XP_002902603,895,3.68715083798883,7,3
Pinf_XP_002905632,410,28.780487804878,32,11
Pinf_XP_002905690,670,2.83582089552239,1,1
Pinf_XP_002998159,173,4.04624277456647,5,1
Pinf_XP_002906977,929,6.24327233584499,10,4
Pinf_XP_002901830,115,19.1304347826087,7,2
Pinf_XP_002904564,420,2.85714285714286,4,1
Pinf_XP_002909565,125,52.8,67,4
Pinf_XP_002900533,226,16.8141592920354,7,3
Pinf_XP_002909252,546,1.83150183150183,2,1
CON_007070953,434,4.83870967741935,6,3
Pinf_XP_002908790,371,11.0512129380054,23,5
Pinf_XP_002899321,178,5.0561797752809,1,1
Pinf_XP_002899050,602,2.99003322259136,2,2
Pinf_XP_002900611,154,24.6753246753247,32,3
Pinf_XP_002903211,339,2.65486725663717,4,1
Pinf_XP_002997732,226,5.75221238938053,3,1
Pinf_XP_002909347,347,2.01729106628242,2,1
Pinf_XP_002908029,678,4.71976401179941,12,3
Pinf_XP_002998682,472,2.33050847457627,9,1
Pinf_XP_002998859,104,23.0769230769231,34,3
Pinf_XP_002903103,1634,0.734394124847001,1,1
Pinf_XP_002899698,179,6.14525139664804,6,1
Pinf_XP_002902243,696,20.1149425287356,44,13
Pinf_XP_002907812,318,1.88679245283019,12,1
Pinf_XP_002899046,190,42.1052631578947,53,7
Pinf_XP_002903214,298,18.7919463087248,14,4
Pinf_XP_002997925,459,2.17864923747277,1,1
Pinf_XP_002903164,671,4.17287630402385,8,3
Pinf_XP_002999168,1374,0.509461426491994,1,1
Pinf_XP_002907862,325,24.6153846153846,20,5
Pinf_XP_002908851,609,1.64203612479475,1,1
Pinf_XP_002907912,211,18.0094786729858,12,2
CON_007008654,451,6.65188470066519,3,2
Pinf_XP_002999060,221,5.88235294117647,4,1
Pinf_XP_002997683,824,0.970873786407767,3,1
Pinf_XP_002998773,361,1.93905817174515,5,1
Pinf_XP_002904362,310,3.54838709677419,4,1
Pinf_XP_002998912,334,14.3712574850299,22,5
Pinf_XP_002908536,2641,0.416508898144642,1,1
Pinf_XP_002899704,626,1.2779552715655,2,1
Pinf_XP_002899236,388,9.02061855670103,10,4
Pinf_XP_002898488,229,20.9606986899563,14,4
Pinf_XP_002895876,465,3.44086021505376,3,1
Pinf_XP_002999059,503,8.74751491053678,10,4
Pinf_XP_002903532,763,1.8348623853211,2,1
Pinf_XP_002897901,202,35.6435643564356,32,8
Pinf_XP_002898007,227,23.3480176211454,22,4
Pinf_XP_002909276,107,62.6168224299065,61,6
Pinf_XP_002906325,367,9.26430517711172,22,4
Pinf_XP_002909834,318,23.2704402515723,3,1
Pinf_XP_002898183,959,0.625651720542232,3,1
Pinf_XP_002902126,228,4.3859649122807,3,1
Pinf_XP_002902742,494,2.83400809716599,5,1
Pinf_XP_002898822,586,1.87713310580205,7,1
Pinf_XP_002898109,128,16.40625,4,2
Pinf_XP_002895074,284,5.63380281690141,9,2
Pinf_XP_002997686,389,23.6503856041131,48,8
Pinf_XP_002901252,124,8.06451612903226,3,1
Pinf_XP_002904775,183,3.82513661202186,2,1
Pinf_XP_002904771,560,2.14285714285714,3,2
Pinf_XP_002900148,356,7.58426966292135,3,2
Pinf_XP_002905915,650,2.92307692307692,1,1
Pinf_XP_002998108,316,18.0379746835443,11,5
Pinf_XP_002903127,1806,1.27353266888151,3,2
Pinf_XP_002908406,433,2.77136258660508,2,1
Pinf_XP_002997601,328,13.4146341463415,11,3
Pinf_XP_002909182,441,2.26757369614512,7,1
CON_007008653,451,6.65188470066519,3,2
Pinf_XP_002997570,730,2.73972602739726,7,2
Pinf_XP_002898639,120,25.0,9,3
Pinf_XP_002903220,151,13.9072847682119,12,2
Pinf_XP_002908412,1203,0.831255195344971,4,1
Pinf_XP_002896328,701,1.56918687589158,1,1
Pinf_XP_002899952,269,2.23048327137546,1,1
Pinf_XP_002898529,150,4.66666666666667,8,1
Pinf_XP_002903185,128,4.6875,7,1
Pinf_XP_002997367,220,8.63636363636364,2,2
Pinf_XP_002905433,133,35.3383458646617,29,4
Pinf_XP_002900778,334,2.9940119760479,3,1
Pinf_XP_002898108,676,2.2189349112426,3,2
Pinf_XP_002901699,159,41.5094339622642,61,8
Pinf_XP_002996979,146,60.958904109589,36,8
Pinf_XP_002896351,465,4.08602150537634,14,2
Pinf_XP_002905282,447,5.14541387024608,2,2
Pinf_XP_002907241,352,15.0568181818182,12,5
Pinf_XP_002904762,137,48.1751824817518,92,8
Pinf_XP_002909642,217,13.3640552995392,6,2
Pinf_XP_002897644,115,11.304347826087,6,1
Pinf_XP_002900040,732,2.45901639344262,2,1
Pinf_XP_002895688,312,29.4871794871795,56,7
CON_008394082,531,5.83804143126177,3,3
Pinf_XP_002909723,130,6.15384615384615,2,1
Pinf_XP_002908185,1256,6.28980891719745,24,4
Pinf_XP_002898332,474,3.37552742616034,3,1
Pinf_XP_002903158,154,18.8311688311688,12,3
CON_004507687,432,4.62962962962963,2,2
Pinf_XP_002900139,383,2.34986945169713,1,1
Pinf_XP_002898365,3238,0.525015441630636,3,2
Pinf_XP_002908738,228,4.82456140350877,4,1
Pinf_XP_002900660,264,2.65151515151515,2,1
Pinf_XP_002899026,813,0.984009840098401,1,1
Pinf_XP_002997815,306,3.26797385620915,2,1
Pinf_XP_002997598,109,9.1743119266055,1,1
Pinf_XP_002896786,1092,4.57875457875458,11,4
Pinf_XP_002906748,740,4.18918918918919,9,2
Pinf_XP_002907083,427,2.81030444964871,2,1
Pinf_XP_002900087,391,4.34782608695652,5,1
Pinf_XP_002902744,714,9.80392156862745,22,4
Pinf_XP_002902711,167,25.1497005988024,27,3
Pinf_XP_002904261,128,10.9375,2,1
Pinf_XP_002906389,161,19.2546583850932,16,3
Pinf_XP_002908634,213,50.2347417840376,96,11
Pinf_XP_002905137,550,1.81818181818182,1,1
Pinf_XP_002901853,104,28.8461538461538,19,2
Pinf_XP_002909071,215,17.6744186046512,33,4
Pinf_XP_002906080,927,1.83387270765912,3,2
Pinf_XP_002998420,480,5.41666666666667,15,4
Pinf_XP_002904930|Histone_H3,136,66.9117647058823,510,15
Pinf_XP_002898602,92,20.6521739130435,3,2
Pinf_XP_002907473,681,1.90895741556535,1,1
Pinf_XP_002906246,169,17.7514792899408,7,3
Pinf_XP_002908325,73,26.027397260274,15,2
Pinf_XP_002908620,227,22.9074889867841,49,7
Pinf_XP_002903322,257,43.579766536965,68,11
Pinf_XP_002896294,613,2.61011419249592,3,1
Pinf_XP_002895552,151,35.0993377483444,68,5
Pinf_XP_002907493,109,19.2660550458716,5,2
Pinf_XP_002905014,220,2.72727272727273,6,1
Pinf_XP_002898506,484,4.13223140495868,2,2
Pinf_XP_002904964,246,9.75609756097561,34,3
Pinf_XP_002904786,148,37.8378378378378,18,6
Pinf_XP_002904156,757,0.792602377807133,1,1
Pinf_XP_002997662,586,1.87713310580205,7,1
Pinf_XP_002905742,271,12.9151291512915,4,2
Pinf_XP_002906491,175,30.2857142857143,19,4
Pinf_XP_002903756,410,2.4390243902439,1,1
Pinf_XP_002908229,160,5.625,1,1
Pinf_XP_002904557,698,1.71919770773639,4,1
Pinf_XP_002909175,65,20.0,3,1
Pinf_XP_002909455,265,4.90566037735849,10,1
Pinf_XP_002999163,639,0.938967136150235,4,1
Pinf_XP_002908513,739,12.8552097428958,22,7
Pinf_XP_002899960,121,57.8512396694215,37,4
Pinf_XP_002899820,212,19.811320754717,21,3
Pinf_XP_002908754,328,10.0609756097561,6,3
Pinf_XP_002904105,144,17.3611111111111,11,2
Pinf_XP_002909026,196,3.57142857142857,4,1
Pinf_XP_002998018,755,1.19205298013245,1,1
Pinf_XP_002903379,157,5.09554140127389,4,1
Pinf_XP_002906545,263,42.2053231939163,85,9
Pinf_XP_002906369,220,25.4545454545455,98,7
CON_006985893,254,7.08661417322835,2,1
Pinf_XP_002897889,210,46.6666666666667,101,10
Pinf_XP_002900079,466,1.28755364806867,19,1
Pinf_XP_002904431,228,2.63157894736842,3,1
Pinf_XP_002908999,535,18.6915887850467,49,7
Pinf_XP_002997267,184,5.43478260869565,3,1
CON_000193593,623,18.1380417335474,40,8
Pinf_XP_002907446|Histone_H2A,136,33.8235294117647,90,5
Pinf_XP_002906013,131,38.9312977099237,14,4
Pinf_XP_002997687,470,2.5531914893617,3,1
Pinf_XP_002900318,133,32.3308270676692,13,3
CON_008295531,246,13.4146341463415,4,2
Pinf_XP_002901598,266,6.76691729323308,5,2
Pinf_XP_002902251,256,19.921875,20,5
Pinf_XP_002896569,516,2.51937984496124,10,2
Pinf_XP_002905144,397,5.79345088161209,4,2
Pinf_XP_002896183,586,1.87713310580205,7,1
Pinf_XP_002907783,515,1.74757281553398,4,1
Pinf_XP_002902267,350,8.57142857142857,3,2
Pinf_XP_002997728,569,9.13884007029877,12,3
Pinf_XP_002908639,115,20.0,9,2
CON_007135052,1661,0.481637567730283,1,1
Pinf_XP_002998925,65,18.4615384615385,10,1
Pinf_XP_002908228,1134,3.88007054673721,17,4
Pinf_XP_002896135,286,9.09090909090909,7,4
Pinf_XP_002895693,250,18.8,32,5
Pinf_XP_002998594,68,8.82352941176471,1,1
Pinf_XP_002905689,233,17.1673819742489,18,2
Pinf_XP_002900914,291,13.4020618556701,1,1
Pinf_XP_002904804,307,8.46905537459283,10,3
Pinf_XP_002902019,428,1.4018691588785,5,1
Pinf_XP_002895551,182,3.84615384615385,1,1
Pinf_XP_002998369,116,6.89655172413793,1,1
IPI12345678,160,6.875,4,1
Pinf_XP_002895712,282,3.54609929078014,2,1
Pinf_XP_002902484,165,23.6363636363636,5,2
Pinf_XP_002899337,313,44.408945686901,58,13
Pinf_XP_002998709,1378,0.870827285921626,11,2
Pinf_XP_002900906,398,1.75879396984925,3,1
Pinf_XP_002902772,143,52.4475524475524,25,7
Pinf_XP_002897608,176,53.9772727272727,91,10
Pinf_XP_002896426,772,1.03626943005181,5,1
Pinf_XP_002906932,175,21.1428571428571,38,4
Pinf_XP_002898888,531,1.88323917137476,3,1
Pinf_XP_002903192,192,67.7083333333333,121,13
Pinf_XP_002903084,519,3.27552986512524,10,2
Pinf_XP_002904900,609,0.985221674876847,1,1
Pinf_XP_002900095,112,30.3571428571429,7,3
Pinf_XP_002898511,166,71.6867469879518,27,9
Pinf_XP_002900908,197,12.6903553299492,11,3
Pinf_XP_002903360,320,5.9375,4,1
Pinf_XP_002909769,274,3.64963503649635,2,1
CON_009038861,266,9.02255639097744,8,1
CON_006996223,733,9.82264665757162,8,7
CON_ENO1,437,1.37299771167048,1,1
Pinf_XP_002899363,122,12.2950819672131,18,2
Pinf_XP_002909877,170,30.5882352941176,23,6
Pinf_XP_002903089,116,18.1034482758621,10,2
Pinf_XP_002896684,532,2.81954887218045,3,2
CON_006892283,466,2.14592274678112,3,1
Pinf_XP_002998984,551,2.54083484573503,2,1
Pinf_XP_002901288,510,4.90196078431373,6,2
Pinf_XP_002900672,495,1.61616161616162,1,1
Pinf_XP_002899862,117,21.3675213675214,46,4
Pinf_XP_002903233,82,9.75609756097561,10,1
Pinf_XP_002997435,121,34.7107438016529,13,4
Pinf_XP_002897640,123,10.5691056910569,11,1
Pinf_XP_002907921,640,6.5625,33,4
Pinf_XP_002899667,194,3.60824742268041,3,1
Pinf_XP_002999142,674,4.3026706231454,9,2
Pinf_XP_002998992,1062,1.03578154425612,2,1
Pinf_XP_002907883,260,7.30769230769231,2,2
Pinf_XP_002901643,218,14.6788990825688,11,3
Pinf_XP_002906426,190,45.2631578947368,125,9
Pinf_XP_002998081,215,4.18604651162791,1,1
Pinf_XP_002907378,275,4.0,2,1
Pinf_XP_002909554,338,2.66272189349112,1,1
CON_007073201,245,13.0612244897959,3,2
Pinf_XP_002906231,595,1.00840336134454,5,1
Pinf_XP_002906845,465,3.2258064516129,3,2
Pinf_XP_002909114,201,25.3731343283582,22,5
Pinf_XP_002903652,506,6.12648221343874,5,3
Pinf_XP_002907609,673,0.891530460624071,4,1
Pinf_XP_002906168,228,4.3859649122807,9,2
Pinf_XP_002907514,653,7.50382848392037,15,2
Pinf_XP_002903833,107,14.9532710280374,3,2
Pinf_XP_002900500,116,10.3448275862069,55,2
Pinf_XP_002909355,148,4.72972972972973,12,1
Pinf_XP_002897354,167,57.4850299401198,39,7
Pinf_XP_002901257,123,51.219512195122,49,6
CON_006964351,255,8.62745098039216,2,2
Pinf_XP_002908094,197,8.12182741116751,3,1
Pinf_XP_002902096,434,2.30414746543779,1,1
Pinf_XP_002903135,113,38.0530973451327,26,3
Pinf_XP_002897996,192,15.1041666666667,9,3
Pinf_XP_002899237,469,2.13219616204691,1,1
Pinf_XP_002905268,128,10.9375,2,2
Pinf_XP_002906206,148,6.08108108108108,1,1
Pinf_XP_002906375,529,5.2930056710775,3,2
Pinf_XP_002907801,389,4.88431876606684,2,2
Pinf_XP_002898312,289,6.57439446366782,6,2
Pinf_XP_002997498,413,5.32687651331719,9,2
Pinf_XP_002898474,164,4.26829268292683,7,1
Pinf_XP_002900742,219,46.5753424657534,24,9
Pinf_XP_002902696,438,3.19634703196347,1,1
Pinf_XP_002902553,369,23.0352303523035,57,7
Pinf_XP_002999268,290,45.1724137931035,45,9
Pinf_XP_002906081,927,1.83387270765912,3,2
Pinf_XP_002907755,258,5.81395348837209,8,2
Pinf_XP_002906315,111,45.945945945946,51,6
Pinf_XP_002899875,395,4.05063291139241,1,1
Pinf_XP_002897237,328,6.70731707317073,10,3
Pinf_XP_002997581,282,4.25531914893617,5,1
Pinf_XP_002997472,359,3.34261838440111,2,1
Pinf_XP_002906843,273,8.05860805860806,3,2
Pinf_XP_002908709,1284,0.623052959501558,1,1
Pinf_XP_002896383,311,7.71704180064309,4,2
Pinf_XP_002900454,366,3.27868852459016,1,1
Pinf_XP_002901865,214,48.5981308411215,49,10
sp,761,0.919842312746386,1,1
Pinf_XP_002998562,620,1.7741935483871,9,2
Pinf_XP_002901851,879,3.41296928327645,5,2
Pinf_XP_002903012,1402,0.998573466476462,1,1
CON_006923284,2621,1.03014116749332,2,2
Pinf_XP_002901678,138,40.5797101449275,46,7
Pinf_XP_002903186,225,4.88888888888889,8,1
Pinf_XP_002908346,238,4.20168067226891,2,1
Pinf_XP_002897833,3428,0.904317386231038,2,2
Pinf_XP_002896227,1102,4.53720508166969,14,5
Pinf_XP_002997336,179,45.2513966480447,26,7
Pinf_XP_002909990,3012,0.199203187250996,2,1
Pinf_XP_002894852,224,4.91071428571429,11,1
Pinf_XP_002997127,1197,12.6984126984127,28,11
Pinf_XP_002896012,80,33.75,10,2
Pinf_XP_002899127,165,5.45454545454545,3,1
Pinf_XP_002901043,199,4.02010050251256,3,1
Pinf_XP_002901620,626,1.11821086261981,1,1
Pinf_XP_002897251,459,1.52505446623094,2,1
Pinf_XP_002907480,1465,1.70648464163823,3,2
CON_006980585,130,12.3076923076923,34,2
Pinf_XP_002906921|Histone_H2A,140,45.0,555,13
Pinf_XP_002901479,84,40.4761904761905,6,3
Pinf_XP_002902119,251,19.1235059760956,20,5
Pinf_XP_002999165,514,5.44747081712062,11,3
Pinf_XP_002899300,457,7.22100656455142,6,3
Pinf_XP_002997942,336,8.63095238095238,8,2
Pinf_XP_002907736,282,8.86524822695035,12,3
Pinf_XP_002999169,337,8.01186943620178,8,2
